supplier_id,supplier_name,country,city,industry_type
S001,Sun Earth Corp,Germany,Leipzig,Logistics
S002,Central Mountain Ventures,Canada,Vancouver,Aerospace
S003,Atlantic Future International,Australia,Melbourne,Jewelry
S004,Precision Smart Solutions,USA,San Antonio,Construction
S005,National Eco Co,UK,Edinburgh,Plastics
S006,Worldwide Alpha Global,UK,Bristol,Fishing
S007,Sustainable Technical Ltd,Vietnam,Ho Chi Minh City,Textiles
S008,Continental Digital Ventures,USA,Phoenix,Furniture
S009,Worldwide Eco Distributors,Canada,Kitchener,Food & Beverage
S010,Ocean Delta Systems,South Korea,Gwangju,Telecom
S011,Precision Excel Distributors,South Korea,Gwangju,Construction
S012,Superior Professional Ventures,Brazil,São Paulo,Jewelry
S013,United Green Corp,USA,Los Angeles,Sports Equipment
S014,Eco Professional Systems,UK,Manchester,Telecom
S015,Pacific Professional Global,China,Nanjing,Semiconductors
S016,Ocean Epsilon Solutions,Brazil,Porto Alegre,Software
S017,Continental Beta Supply,France,Bordeaux,Agriculture
S018,Creative Orion Solutions,USA,San Antonio,Jewelry
S019,Pacific Universal Systems,Germany,Munich,Mining
S020,Earth Standard Inc,Taiwan,Hsinchu,Oil & Gas
S021,Atlantic Delta Technologies,China,Xi'an,Jewelry
S022,Digital Eco International,Australia,Sydney,Rubber
S023,Earth Modern Manufacturing,UK,Edinburgh,Sports Equipment
S024,Advanced National Global,Taiwan,Chiayi,Apparel
S025,Ocean Mountain Co,Italy,Palermo,Wood & Paper
S026,Orion Green International,Brazil,Rio de Janeiro,Semiconductors
S027,Innovative Delta Manufacturing,China,Xi'an,Hardware
S028,Alpha Mountain Corp,Australia,Sydney,Pharmaceuticals
S029,Federal Elite Inc,Taiwan,Tainan,Mining
S030,Next Atlantic Corp,China,Shanghai,Renewable Energy
S031,Orion Smart Industries,UK,Birmingham,Toys
S032,Pacific Precision Manufacturing,UK,Birmingham,Rubber
S033,Strategic Moon Manufacturing,Vietnam,Ho Chi Minh City,Automotive
S034,Star Pacific Supply,Germany,Essen,Sports Equipment
S035,Sun Technical Ltd,France,Lyon,Construction
S036,Vision Modern Global,Japan,Yokohama,Steel & Metals
S037,Mountain Excel Trading,Italy,Catania,Steel & Metals
S038,Sustainable Elite Ventures,Canada,Calgary,Toys
S039,Creative Lion Technologies,Vietnam,Thu Dau Mot,Shipping
S040,Atlantic Alpha Ventures,France,Montpellier,Shipping
S041,Sustainable Quantum Systems,Australia,Perth,Mining
S042,Phoenix Digital Distributors,Brazil,Porto Alegre,Food & Beverage
S043,Advanced Mountain Co,Canada,Vancouver,Sports Equipment
S044,Gamma Professional International,Vietnam,Nha Trang,Oil & Gas
S045,Eco Standard Distributors,India,Hyderabad,Apparel
S046,Innovative Reliable Manufacturing,Canada,Toronto,Aerospace
S047,Sigma Tiger Systems,Canada,Vancouver,Oil & Gas
S048,Elite Pacific Distributors,Brazil,São Paulo,Renewable Energy
S049,First Prime Supply,UK,Leeds,Jewelry
S050,Elite Omega Solutions,Brazil,Recife,Telecom
S051,Pacific Reliable Industries,South Korea,Incheon,Toys
S052,Mountain Worldwide Trading,UK,Leicester,Chemicals
S053,United Dragon Systems,Italy,Palermo,Apparel
S054,Quality Worldwide Corp,Japan,Tokyo,Steel & Metals
S055,Excel Beta Group,Vietnam,Hanoi,Toys
S056,Moon First Manufacturing,Australia,Gold Coast,Jewelry
S057,Atlantic Technical Global,Germany,Leipzig,Jewelry
S058,Superior Omega Industries,UK,Birmingham,Chemicals
S059,Star Sigma Enterprises,Canada,Ottawa,Steel & Metals
S060,Ocean Epsilon Enterprises,Vietnam,Can Tho,Jewelry
S061,Sustainable Central Manufacturing,China,Shenzhen,Renewable Energy
S062,Innovative Quality Systems,UK,Edinburgh,Textiles
S063,Dragon Digital Systems,Brazil,Salvador,Automotive
S064,Mountain Star International,Canada,Toronto,Manufacturing
S065,Tiger New Industries,Taiwan,New Taipei,Sports Equipment
S066,Orion Advanced Enterprises,South Korea,Daejeon,Shipping
S067,Prime Continental Co,Italy,Bologna,Construction
S068,Reliable Precision Distributors,UK,Bristol,Jewelry
S069,Smart Trusted Technologies,Italy,Catania,Automotive
S070,Professional Ocean Systems,Italy,Palermo,Sports Equipment
S071,Professional Earth Ventures,South Korea,Changwon,Apparel
S072,Eta Superior Supply,Japan,Sapporo,Apparel
S073,Atlantic Phoenix Trading,Taiwan,Taoyuan,Construction
S074,Pegasus Trusted International,France,Lyon,Steel & Metals
S075,Quality Eco Co,Germany,Munich,Rubber
S076,Zeta Reliable Corp,France,Paris,Hardware
S077,Worldwide Apollo Enterprises,USA,San Diego,Steel & Metals
S078,Eta Atlantic Solutions,India,Ahmedabad,Telecom
S079,Innovative Vision Systems,Vietnam,Da Nang,Toys
S080,Sigma Atlantic Corp,Italy,Genoa,Mining
S081,Orion Continental Inc,France,Nice,Hardware
S082,Eco Orion Industries,Italy,Genoa,Aerospace
S083,Universal Elite Corp,Taiwan,Chiayi,Toys
S084,Federal Eagle Co,Italy,Palermo,Automotive
S085,Central Earth Manufacturing,UK,Glasgow,Steel & Metals
S086,Creative Next Enterprises,Mexico,Mexico City,Electronics
S087,New Omega Corp,France,Paris,Sports Equipment
S088,Valley Technical Industries,Canada,Montreal,Automotive
S089,Universal Precision Distributors,Italy,Bari,Wood & Paper
S090,Orion Professional Corp,Italy,Bari,Sports Equipment
S091,Worldwide Creative Solutions,South Korea,Daejeon,Mining
S092,River Quantum Manufacturing,Italy,Florence,Wood & Paper
S093,Smart Eagle Ltd,China,Guangzhou,Telecom
S094,Omega Beta Corp,South Korea,Ulsan,Furniture
S095,Orion Ocean Corp,South Korea,Ulsan,Textiles
S096,Mountain Worldwide International,UK,Edinburgh,Software
S097,Apollo Strategic Trading,Australia,Brisbane,Food & Beverage
S098,Sun Digital Trading,South Korea,Incheon,Food & Beverage
S099,Gamma Eagle Trading,India,Pune,Medical Devices
S100,Pacific Lion Global,China,Beijing,Wood & Paper
S101,Advanced Future Enterprises,Mexico,Monterrey,Automotive
S102,Apollo Sigma Global,Italy,Florence,Rubber
S103,Delta Superior Ventures,Mexico,Guadalajara,Apparel
S104,Pacific Technical Supply,India,Delhi,Toys
S105,Star Green Technologies,France,Paris,Manufacturing
S106,Excel Theta Distributors,UK,London,Mining
S107,New Beta Distributors,Taiwan,Taichung,Aerospace
S108,Prime Superior International,Mexico,Zapopan,Apparel
S109,Federal Orion Co,Japan,Nagoya,Software
S110,Continental Future Industries,USA,Philadelphia,Toys
S111,Innovative Premium Inc,Vietnam,Nha Trang,Telecom
S112,Tiger Superior Industries,Brazil,Curitiba,Logistics
S113,Standard Precision Industries,France,Nice,Renewable Energy
S114,Epsilon Creative Industries,Italy,Bari,Manufacturing
S115,Advanced Trusted Global,France,Montpellier,Hardware
S116,Sun Eco Manufacturing,Brazil,Recife,Telecom
S117,River Premium Corp,South Korea,Seongnam,Textiles
S118,Lion United Manufacturing,China,Nanjing,Semiconductors
S119,Creative Central Co,UK,Glasgow,Toys
S120,Continental Professional Industries,Taiwan,Kaohsiung,Medical Devices
S121,Professional Creative Ventures,India,Bangalore,Rubber
S122,Dynamic Phoenix Trading,USA,Los Angeles,Medical Devices
S123,River Phoenix Ventures,China,Chengdu,Automotive
S124,Delta Dragon International,Japan,Kawasaki,Pharmaceuticals
S125,Excel Quantum International,Brazil,Manaus,Agriculture
S126,Future Universal Trading,Canada,Vancouver,Semiconductors
S127,Quality Earth Manufacturing,USA,Chicago,Medical Devices
S128,Innovative Theta Industries,Mexico,Nezahualcóyotl,Oil & Gas
S129,Zeta Reliable Technologies,Taiwan,Changhua,Hardware
S130,United Mountain Manufacturing,China,Tianjin,Hardware
S131,Pacific National Group,India,Pune,Electronics
S132,Reliable Modern Corp,Italy,Catania,Wood & Paper
S133,Smart Alpha Manufacturing,South Korea,Gwangju,Mining
S134,Eagle Orion Ventures,Japan,Kyoto,Telecom
S135,Orion Zeta Supply,France,Nice,Plastics
S136,Innovative Moon Systems,India,Hyderabad,Telecom
S137,Eco Federal Corp,UK,Leeds,Wood & Paper
S138,Worldwide River Supply,USA,New York,Plastics
S139,Reliable Dragon Manufacturing,France,Nantes,Plastics
S140,Mountain Central Solutions,Canada,Vancouver,Textiles
S141,Lion Vision Industries,France,Bordeaux,Rubber
S142,Superior Excel Systems,UK,Liverpool,Aerospace
S143,Atlantic Eagle Group,India,Chennai,Sports Equipment
S144,Quality Standard Enterprises,UK,Leeds,Sports Equipment
S145,Atlantic Continental Manufacturing,Canada,Calgary,Mining
S146,Phoenix Theta Ventures,South Korea,Ulsan,Logistics
S147,Delta Star Manufacturing,China,Hangzhou,Sports Equipment
S148,Tiger Technical Enterprises,Italy,Florence,Jewelry
S149,Technical Dragon Supply,South Korea,Changwon,Furniture
S150,Technical Quality Solutions,Germany,Dortmund,Agriculture
S151,Technical Sigma Solutions,USA,Dallas,Sports Equipment
S152,Star Quality Ventures,Australia,Brisbane,Sports Equipment
S153,Omega Future Trading,USA,Houston,Mining
S154,Strategic Theta International,Italy,Palermo,Jewelry
S155,Dragon Theta Ventures,France,Strasbourg,Toys
S156,Atlantic Epsilon Trading,Brazil,Recife,Wood & Paper
S157,Trusted Pegasus Technologies,China,Chengdu,Agriculture
S158,River Precision International,Italy,Palermo,Medical Devices
S159,Ocean Smart Trading,Brazil,Curitiba,Jewelry
S160,Zeta Star Distributors,Brazil,Manaus,Software
S161,Omega Delta Enterprises,Brazil,Fortaleza,Steel & Metals
S162,Strategic Central Manufacturing,UK,Leicester,Apparel
S163,Excel Federal Ltd,Mexico,Puebla,Logistics
S164,Mountain Federal International,Canada,Kitchener,Steel & Metals
S165,Superior United Ventures,South Korea,Ulsan,Aerospace
S166,Modern Sigma Manufacturing,Brazil,Belo Horizonte,Sports Equipment
S167,Federal Advanced Co,USA,Los Angeles,Wood & Paper
S168,Future Beta Trading,Brazil,Brasília,Shipping
S169,Moon Technical Manufacturing,Brazil,Recife,Jewelry
S170,Elite National Ltd,South Korea,Gwangju,Jewelry
S171,Atlantic Smart Global,India,Jaipur,Textiles
S172,Alpha Future Co,South Korea,Ulsan,Automotive
S173,Theta Central Enterprises,Vietnam,Hanoi,Chemicals
S174,Earth Gamma Supply,Germany,Cologne,Aerospace
S175,Delta Atlantic Corp,Japan,Tokyo,Electronics
S176,Advanced United Global,UK,Leeds,Fishing
S177,Pegasus First International,Canada,Toronto,Electronics
S178,Advanced Next Distributors,USA,Dallas,Sports Equipment
S179,Advanced Technical Industries,China,Wuhan,Automotive
S180,Beta Dynamic Co,Canada,Ottawa,Automotive
S181,Federal Advanced Ltd,Taiwan,New Taipei,Fishing
S182,Quantum Continental Corp,Germany,Hamburg,Telecom
S183,Ocean Vision Trading,Vietnam,Ho Chi Minh City,Chemicals
S184,Digital Green Co,USA,Los Angeles,Fishing
S185,Eco Digital Systems,Brazil,Manaus,Automotive
S186,Theta Lion Industries,Italy,Florence,Logistics
S187,River Prime Global,Italy,Florence,Renewable Energy
S188,Moon Creative Supply,Japan,Kawasaki,Wood & Paper
S189,Universal Tiger Corp,India,Delhi,Textiles
S190,Next Reliable Supply,Brazil,Manaus,Aerospace
S191,Digital Pegasus Enterprises,South Korea,Seongnam,Jewelry
S192,Valley Pegasus International,Australia,Sydney,Toys
S193,Excel Omega International,Italy,Florence,Aerospace
S194,Epsilon Quality Systems,Japan,Kobe,Oil & Gas
S195,Creative Premium Global,Japan,Fukuoka,Textiles
S196,Precision Reliable Inc,France,Nice,Electronics
S197,Excel Phoenix Group,Brazil,Rio de Janeiro,Electronics
S198,Digital Worldwide Trading,France,Marseille,Toys
S199,Advanced Dynamic Distributors,Canada,Quebec City,Agriculture
S200,Moon Strategic Trading,Mexico,Guadalajara,Telecom
S201,Dynamic Digital Inc,Japan,Sapporo,Construction
S202,National Digital Inc,Italy,Bari,Agriculture
S203,Pacific Beta Manufacturing,Vietnam,Hue,Shipping
S204,Zeta Superior Systems,Australia,Melbourne,Software
S205,Pacific Valley Systems,China,Hangzhou,Oil & Gas
S206,National Pegasus Group,Germany,Dortmund,Semiconductors
S207,Eta Sigma Enterprises,France,Lille,Aerospace
S208,Central Green Technologies,India,Chennai,Apparel
S209,Sigma New Supply,India,Ahmedabad,Telecom
S210,Dragon Future Supply,Brazil,Curitiba,Chemicals
S211,Pacific Premium Technologies,Canada,Ottawa,Renewable Energy
S212,Innovative Prime International,India,Ahmedabad,Plastics
S213,Trusted New Trading,Germany,Essen,Jewelry
S214,Premium Precision Industries,UK,Leeds,Textiles
S215,Excel Pacific Manufacturing,Japan,Kobe,Textiles
S216,Continental River Systems,Brazil,Rio de Janeiro,Wood & Paper
S217,Lion Future Co,South Korea,Daejeon,Medical Devices
S218,First Digital Industries,USA,Phoenix,Medical Devices
S219,Pegasus Central International,China,Shanghai,Logistics
S220,Elite Future Ventures,Brazil,Curitiba,Agriculture
S221,Sun National Supply,USA,San Antonio,Apparel
S222,Modern Delta Corp,Taiwan,New Taipei,Jewelry
S223,Continental Delta Inc,Canada,Ottawa,Telecom
S224,Quality Prime Solutions,China,Xi'an,Electronics
S225,Sun Gamma Trading,USA,Phoenix,Renewable Energy
S226,United Beta Group,Mexico,Puebla,Semiconductors
S227,Epsilon Eta International,Australia,Adelaide,Electronics
S228,Alpha Moon Solutions,Germany,Essen,Renewable Energy
S229,Mountain Lion Inc,Japan,Nagoya,Furniture
S230,Continental Standard Systems,Vietnam,Hanoi,Rubber
S231,Sustainable Earth Corp,China,Chengdu,Mining
S232,Mountain Eta Ltd,South Korea,Daejeon,Wood & Paper
S233,Prime Atlantic Distributors,South Korea,Daegu,Furniture
S234,Strategic Technical Global,Vietnam,Da Nang,Medical Devices
S235,Pacific Earth Global,Canada,Hamilton,Mining
S236,Alpha Creative Solutions,Taiwan,Hsinchu,Jewelry
S237,Professional Valley Supply,UK,Manchester,Mining
S238,Next Lion Systems,Taiwan,Kaohsiung,Pharmaceuticals
S239,Alpha Lion Ltd,Mexico,Zapopan,Renewable Energy
S240,Gamma Eta Distributors,South Korea,Busan,Sports Equipment
S241,Theta Vision International,UK,Edinburgh,Semiconductors
S242,Apollo Standard Industries,India,Chennai,Steel & Metals
S243,Pacific Mountain Industries,Japan,Yokohama,Textiles
S244,Prime Excel Corp,Australia,Newcastle,Sports Equipment
S245,Innovative Future Enterprises,Vietnam,Hanoi,Plastics
S246,First Lion Group,India,Ahmedabad,Textiles
S247,Central Dragon Ventures,Mexico,Zapopan,Logistics
S248,Next Dynamic Trading,Taiwan,Taipei,Plastics
S249,Prime First Ltd,Japan,Nagoya,Telecom
S250,Reliable Apollo Corp,South Korea,Seoul,Electronics
S251,Ocean Superior Ventures,Vietnam,Nha Trang,Medical Devices
S252,New Sigma Corp,UK,Glasgow,Electronics
S253,Alpha Beta Technologies,France,Marseille,Rubber
S254,Elite Gamma Group,India,Pune,Apparel
S255,Dragon Mountain Ventures,Canada,Hamilton,Hardware
S256,Atlantic Modern Solutions,Germany,Stuttgart,Furniture
S257,Technical Beta Manufacturing,Vietnam,Bien Hoa,Electronics
S258,Excel Federal Global,France,Lyon,Apparel
S259,Sustainable Future Technologies,UK,Leicester,Manufacturing
S260,Apollo Future Solutions,Japan,Kyoto,Software
S261,First Phoenix Group,Japan,Fukuoka,Steel & Metals
S262,Strategic Tiger Global,China,Shanghai,Logistics
S263,Elite Reliable Distributors,Taiwan,Taoyuan,Chemicals
S264,Green Superior Trading,France,Nice,Manufacturing
S265,Modern New Group,Australia,Perth,Hardware
S266,Technical Eco Co,Brazil,Rio de Janeiro,Furniture
S267,Tiger Advanced Manufacturing,Italy,Turin,Steel & Metals
S268,Creative Star Group,Australia,Brisbane,Medical Devices
S269,Technical Quality International,Mexico,Monterrey,Pharmaceuticals
S270,Smart Continental Inc,UK,Liverpool,Construction
S271,Alpha Epsilon Technologies,Japan,Osaka,Oil & Gas
S272,Superior Moon Supply,South Korea,Busan,Food & Beverage
S273,Eco National Enterprises,Italy,Naples,Fishing
S274,Technical Reliable Group,UK,London,Jewelry
S275,Phoenix Creative Industries,Germany,Leipzig,Rubber
S276,Apollo Innovative Global,France,Paris,Wood & Paper
S277,National Epsilon Inc,Germany,Dortmund,Rubber
S278,Smart Atlantic Inc,Brazil,São Paulo,Shipping
S279,Advanced Orion Industries,Vietnam,Thu Dau Mot,Toys
S280,Phoenix Green Co,Canada,Calgary,Steel & Metals
S281,Orion River Co,France,Lille,Sports Equipment
S282,Gamma Smart Ventures,South Korea,Incheon,Aerospace
S283,Green Tiger Inc,India,Surat,Medical Devices
S284,Apollo Innovative Manufacturing,Canada,Vancouver,Toys
S285,Lion Orion Corp,Taiwan,Chiayi,Textiles
S286,Excel Technical Enterprises,Italy,Turin,Apparel
S287,Omega Sun Manufacturing,Germany,Cologne,Mining
S288,Epsilon Technical Technologies,France,Bordeaux,Wood & Paper
S289,Innovative Technical Corp,Mexico,Nezahualcóyotl,Plastics
S290,Beta Prime Solutions,Canada,Vancouver,Plastics
S291,Quality Earth Co,India,Bangalore,Hardware
S292,Tiger Green Manufacturing,Canada,Calgary,Steel & Metals
S293,Worldwide Premium Co,Brazil,Fortaleza,Rubber
S294,Ocean Atlantic Global,USA,Chicago,Electronics
S295,Modern Universal Ventures,Italy,Bologna,Electronics
S296,Tiger Earth Technologies,Germany,Stuttgart,Chemicals
S297,Pacific Trusted Group,Italy,Genoa,Shipping
S298,Alpha Creative Enterprises,Mexico,Nezahualcóyotl,Chemicals
S299,Advanced Prime Inc,India,Bangalore,Furniture
S300,Quality Tiger Manufacturing,USA,San Diego,Food & Beverage
S301,Continental Professional Supply,Italy,Catania,Medical Devices
S302,Lion Elite Manufacturing,Vietnam,Bien Hoa,Hardware
S303,Delta Innovative Global,India,Jaipur,Medical Devices
S304,Excel Atlantic Solutions,USA,Dallas,Furniture
S305,Sun Omega Corp,USA,Philadelphia,Renewable Energy
S306,Future Continental International,UK,London,Toys
S307,Gamma Innovative Supply,Canada,Edmonton,Plastics
S308,New Precision Group,UK,Leeds,Electronics
S309,Sustainable Sigma Global,Brazil,Curitiba,Telecom
S310,National Atlantic Manufacturing,France,Strasbourg,Jewelry
S311,Omega Professional Systems,South Korea,Daegu,Wood & Paper
S312,Strategic Eta Corp,Japan,Tokyo,Rubber
S313,Dynamic Worldwide Global,Mexico,León,Chemicals
S314,Creative Elite Distributors,Vietnam,Can Tho,Telecom
S315,National Theta Inc,Japan,Yokohama,Agriculture
S316,Superior Zeta Manufacturing,France,Strasbourg,Food & Beverage
S317,Trusted Eta Distributors,India,Mumbai,Fishing
S318,Tiger Apollo Global,Mexico,Nezahualcóyotl,Jewelry
S319,Dragon Epsilon Trading,South Korea,Changwon,Apparel
S320,Gamma Lion Systems,Taiwan,Hsinchu,Shipping
S321,Trusted Zeta Solutions,India,Ahmedabad,Hardware
S322,Theta Modern Inc,Canada,Edmonton,Mining
S323,Precision Trusted International,Germany,Munich,Fishing
S324,Lion Ocean Co,France,Lille,Mining
S325,Future Digital International,Germany,Essen,Mining
S326,Sun Eta Group,Japan,Tokyo,Construction
S327,Omega River Enterprises,France,Marseille,Rubber
S328,United Omega International,Vietnam,Hanoi,Jewelry
S329,Delta Dragon International,Mexico,Nezahualcóyotl,Wood & Paper
S330,Mountain Premium Ventures,France,Lyon,Textiles
S331,Omega Precision Manufacturing,Germany,Cologne,Medical Devices
S332,Technical Next Global,Mexico,Mexico City,Automotive
S333,Federal Valley Group,Canada,Winnipeg,Shipping
S334,Premium Trusted Co,Germany,Essen,Furniture
S335,Zeta Standard Technologies,Germany,Leipzig,Plastics
S336,Valley Professional Distributors,Vietnam,Can Tho,Automotive
S337,Creative Theta Group,Taiwan,Changhua,Agriculture
S338,Phoenix Continental Corp,UK,Leicester,Apparel
S339,Vision Next Inc,Australia,Sydney,Agriculture
S340,Sustainable Apollo Inc,Australia,Adelaide,Construction
S341,Professional Moon Manufacturing,South Korea,Ulsan,Food & Beverage
S342,Technical Vision Enterprises,France,Marseille,Furniture
S343,Lion Green Supply,Germany,Cologne,Hardware
S344,Federal Pegasus Enterprises,Vietnam,Ho Chi Minh City,Sports Equipment
S345,Premium Ocean Group,Vietnam,Nha Trang,Aerospace
S346,Digital Eta Systems,Italy,Florence,Apparel
S347,Superior Beta Distributors,China,Nanjing,Rubber
S348,Eta First Systems,Japan,Saitama,Logistics
S349,Universal Beta Distributors,Germany,Frankfurt,Rubber
S350,Moon Central Corp,Taiwan,Taoyuan,Shipping
S351,Precision Trusted Global,India,Bangalore,Toys
S352,Pacific Star Corp,Taiwan,Tainan,Logistics
S353,Reliable Phoenix Enterprises,China,Wuhan,Jewelry
S354,Sun Sigma Co,Japan,Kawasaki,Construction
S355,Modern Technical Solutions,Vietnam,Da Nang,Manufacturing
S356,Alpha Excel Solutions,China,Guangzhou,Jewelry
S357,United Green Inc,Brazil,Rio de Janeiro,Shipping
S358,Apollo Earth Group,Australia,Brisbane,Textiles
S359,Prime Lion Co,Mexico,Monterrey,Shipping
S360,Standard Prime International,UK,Leeds,Furniture
S361,Moon Reliable Enterprises,South Korea,Busan,Automotive
S362,Atlantic Beta Enterprises,Vietnam,Hanoi,Shipping
S363,Sun Worldwide Corp,Canada,Winnipeg,Pharmaceuticals
S364,Creative Superior Supply,Taiwan,Taipei,Logistics
S365,Earth Standard Global,Australia,Sydney,Oil & Gas
S366,Ocean Premium Ltd,Canada,Winnipeg,Rubber
S367,Continental Apollo Supply,Australia,Canberra,Telecom
S368,Omega Creative Distributors,India,Chennai,Manufacturing
S369,Modern Future Manufacturing,India,Pune,Shipping
S370,Sigma Digital Systems,Mexico,Tijuana,Manufacturing
S371,Theta Atlantic Technologies,Japan,Sapporo,Pharmaceuticals
S372,Ocean Central Distributors,UK,Bristol,Hardware
S373,New Orion International,Vietnam,Ho Chi Minh City,Toys
S374,Quality Eco Industries,China,Guangzhou,Sports Equipment
S375,Strategic Dynamic Enterprises,Canada,Winnipeg,Shipping
S376,Innovative Sigma Systems,China,Tianjin,Mining
S377,Gamma Zeta Group,Germany,Dortmund,Semiconductors
S378,Smart Gamma Group,Vietnam,Hanoi,Aerospace
S379,Worldwide Future Technologies,Canada,Winnipeg,Food & Beverage
S380,First Central Ventures,Taiwan,Changhua,Logistics
S381,Lion Continental Group,Vietnam,Can Tho,Textiles
S382,First Lion Technologies,France,Bordeaux,Furniture
S383,Sigma Pegasus Technologies,Germany,Berlin,Food & Beverage
S384,Worldwide Orion Ventures,Brazil,Fortaleza,Electronics
S385,Trusted Ocean Ventures,France,Lyon,Software
S386,Eco Sigma Systems,India,Surat,Renewable Energy
S387,Mountain Lion Trading,Mexico,Zapopan,Agriculture
S388,Tiger Epsilon Supply,USA,Houston,Wood & Paper
S389,Premium Vision Co,Germany,Berlin,Electronics
S390,Technical Omega Supply,Taiwan,Tainan,Automotive
S391,Ocean Star Ventures,Italy,Catania,Wood & Paper
S392,Technical Superior Trading,Germany,Munich,Construction
S393,Prime Ocean Corp,Canada,Toronto,Renewable Energy
S394,Alpha Sun Group,Canada,Montreal,Software
S395,Moon Theta International,Vietnam,Bien Hoa,Mining
S396,United Modern Ventures,Mexico,Tijuana,Mining
S397,Creative Federal Co,USA,Chicago,Automotive
S398,River First Inc,USA,New York,Renewable Energy
S399,Zeta Pegasus Group,South Korea,Ulsan,Textiles
S400,Innovative Omega Solutions,Japan,Saitama,Electronics
S401,Advanced Modern Industries,Japan,Kawasaki,Chemicals
S402,Professional Future Ventures,Mexico,León,Jewelry
S403,Elite Central Ltd,Japan,Tokyo,Rubber
S404,Tiger Professional Global,China,Shanghai,Shipping
S405,Innovative Valley Ltd,Italy,Turin,Semiconductors
S406,Strategic Smart Global,Australia,Sydney,Automotive
S407,Star Alpha International,Australia,Wollongong,Oil & Gas
S408,Star Theta Industries,India,Hyderabad,Logistics
S409,Standard Sigma Inc,South Korea,Daegu,Manufacturing
S410,Sigma Strategic Manufacturing,Mexico,Tijuana,Automotive
S411,Tiger Moon Co,Taiwan,Taipei,Plastics
S412,Beta Smart Co,USA,Philadelphia,Pharmaceuticals
S413,Creative Digital Supply,Canada,Vancouver,Shipping
S414,Pegasus Vision Ventures,Vietnam,Haiphong,Agriculture
S415,Delta Eagle Enterprises,Germany,Cologne,Software
S416,Prime Sun Technologies,Vietnam,Nha Trang,Automotive
S417,Elite Prime Group,Australia,Adelaide,Apparel
S418,Technical Alpha Global,Vietnam,Ho Chi Minh City,Chemicals
S419,Next Excel Distributors,Germany,Dortmund,Plastics
S420,Orion First Trading,Mexico,Puebla,Apparel
S421,New Pegasus Inc,Italy,Catania,Rubber
S422,First Eta Inc,South Korea,Seoul,Furniture
S423,Moon Premium Supply,France,Lille,Shipping
S424,Star Pacific Industries,Australia,Hobart,Textiles
S425,Moon Trusted Trading,Canada,Toronto,Mining
S426,Pegasus Eco Distributors,Japan,Yokohama,Pharmaceuticals
S427,Standard Superior Enterprises,China,Tianjin,Plastics
S428,Alpha Dynamic Enterprises,Germany,Essen,Steel & Metals
S429,United Vision Manufacturing,USA,Los Angeles,Automotive
S430,Smart Technical Co,Brazil,Belo Horizonte,Plastics
S431,Digital Standard Group,Vietnam,Nha Trang,Food & Beverage
S432,Modern Sun Corp,India,Surat,Toys
S433,Eco Apollo International,India,Jaipur,Wood & Paper
S434,Advanced Future Ltd,Australia,Canberra,Renewable Energy
S435,Strategic River Ltd,India,Mumbai,Jewelry
S436,Mountain Innovative Ventures,Taiwan,Changhua,Toys
S437,Dragon Gamma Distributors,Vietnam,Hue,Pharmaceuticals
S438,Pegasus Eta Enterprises,UK,Manchester,Rubber
S439,Ocean Earth Distributors,South Korea,Seongnam,Sports Equipment
S440,Beta Strategic Manufacturing,India,Mumbai,Renewable Energy
S441,Central Dynamic Ventures,Brazil,Fortaleza,Renewable Energy
S442,Worldwide Superior Manufacturing,France,Montpellier,Wood & Paper
S443,Reliable Sigma Inc,USA,Los Angeles,Food & Beverage
S444,Central Eta Systems,India,Jaipur,Furniture
S445,Eco Pacific Trading,Germany,Düsseldorf,Software
S446,Standard Moon Co,Mexico,Juárez,Shipping
S447,Valley Ocean International,Brazil,Fortaleza,Software
S448,Lion Dragon International,India,Delhi,Furniture
S449,Sigma Continental Group,Germany,Munich,Telecom
S450,Tiger Premium Trading,India,Kolkata,Medical Devices
S451,Moon Atlantic Inc,Australia,Newcastle,Jewelry
S452,Professional Omega Inc,Germany,Stuttgart,Textiles
S453,Professional Orion Technologies,Italy,Milan,Semiconductors
S454,Quality Trusted Enterprises,Germany,Düsseldorf,Manufacturing
S455,Star Lion Ltd,Australia,Newcastle,Plastics
S456,Alpha Ocean Supply,Taiwan,Chiayi,Telecom
S457,Delta Dragon Trading,Vietnam,Ho Chi Minh City,Shipping
S458,Worldwide Beta International,Germany,Düsseldorf,Mining
S459,Lion United Group,Brazil,Manaus,Electronics
S460,Atlantic Technical International,Mexico,Mexico City,Semiconductors
S461,Gamma Continental Trading,China,Shenzhen,Textiles
S462,Sustainable First Ltd,China,Wuhan,Manufacturing
S463,Worldwide Trusted Group,Brazil,São Paulo,Pharmaceuticals
S464,Eagle Superior Supply,Canada,Toronto,Hardware
S465,Gamma Epsilon Technologies,South Korea,Seoul,Electronics
S466,Moon Phoenix Global,Italy,Rome,Toys
S467,Dynamic Next Enterprises,France,Lille,Renewable Energy
S468,National River Supply,Brazil,Manaus,Renewable Energy
S469,Dynamic Apollo Distributors,South Korea,Changwon,Wood & Paper
S470,Smart Theta Solutions,South Korea,Gwangju,Logistics
S471,Atlantic Premium Industries,India,Pune,Aerospace
S472,Dragon First Co,Mexico,Juárez,Apparel
S473,Superior Valley Systems,South Korea,Ulsan,Food & Beverage
S474,Superior Strategic Ltd,France,Toulouse,Manufacturing
S475,Modern New Manufacturing,India,Pune,Shipping
S476,Eta Creative Solutions,USA,San Diego,Hardware
S477,Prime Ocean Systems,Canada,Kitchener,Wood & Paper
S478,Apollo Pegasus Inc,UK,Sheffield,Shipping
S479,Advanced Technical Distributors,Australia,Gold Coast,Renewable Energy
S480,Earth Quality Manufacturing,France,Marseille,Mining
S481,Advanced Eco Inc,Germany,Leipzig,Textiles
S482,Advanced Excel Systems,UK,Leeds,Toys
S483,Worldwide Eagle Industries,USA,Los Angeles,Sports Equipment
S484,Advanced Technical Technologies,Taiwan,Hsinchu,Chemicals
S485,Advanced Creative Solutions,France,Toulouse,Furniture
S486,Sustainable Pegasus Inc,South Korea,Ulsan,Medical Devices
S487,Green Sun International,Australia,Newcastle,Aerospace
S488,Advanced Continental Ltd,Germany,Munich,Renewable Energy
S489,Quantum Epsilon Group,Germany,Berlin,Apparel
S490,Phoenix Earth Trading,Italy,Genoa,Mining
S491,Future Excel Group,Brazil,Rio de Janeiro,Manufacturing
S492,Quantum Technical Enterprises,China,Shanghai,Chemicals
S493,Delta Dynamic Ventures,USA,San Jose,Furniture
S494,Dragon Creative Ltd,India,Pune,Semiconductors
S495,First Epsilon Enterprises,Japan,Fukuoka,Logistics
S496,Prime Worldwide Ventures,Brazil,Manaus,Steel & Metals
S497,Reliable Vision Ltd,Brazil,Porto Alegre,Hardware
S498,Orion Worldwide Corp,Brazil,Recife,Automotive
S499,Gamma Prime Global,France,Nantes,Automotive
S500,Delta Lion Group,USA,San Diego,Mining
S501,Atlantic Quantum Ventures,USA,San Antonio,Software
S502,Eco River International,USA,Chicago,Electronics
S503,Sun Alpha Co,USA,Phoenix,Textiles
S504,Professional Eagle Solutions,France,Marseille,Toys
S505,Premium Quantum Corp,Australia,Adelaide,Electronics
S506,Next Apollo Industries,Brazil,Fortaleza,Software
S507,Eagle Innovative Supply,Japan,Kobe,Shipping
S508,Earth Zeta Trading,China,Wuhan,Furniture
S509,Sustainable Federal Group,UK,Sheffield,Mining
S510,Strategic Pacific Inc,France,Nantes,Wood & Paper
S511,Sun Green Technologies,Japan,Kyoto,Chemicals
S512,Omega Gamma Global,India,Chennai,Plastics
S513,Delta Pacific Solutions,Australia,Canberra,Oil & Gas
S514,Precision Next Industries,USA,Philadelphia,Renewable Energy
S515,Advanced Universal Group,USA,San Diego,Construction
S516,Modern Next Industries,South Korea,Gwangju,Telecom
S517,Apollo Vision Inc,Germany,Frankfurt,Automotive
S518,National Ocean Industries,USA,Chicago,Plastics
S519,Worldwide Green Group,Mexico,Tijuana,Medical Devices
S520,Omega Valley Ventures,UK,Edinburgh,Rubber
S521,Universal Future Enterprises,USA,Dallas,Plastics
S522,Advanced Dragon Trading,China,Chengdu,Renewable Energy
S523,Reliable Central Industries,France,Lille,Rubber
S524,Precision Eco Global,Brazil,Manaus,Software
S525,National Epsilon Global,Italy,Rome,Renewable Energy
S526,Strategic United Ltd,India,Chennai,Mining
S527,Gamma River Systems,USA,Chicago,Apparel
S528,Phoenix Delta Supply,USA,Chicago,Jewelry
S529,Next Excel Global,Canada,Winnipeg,Logistics
S530,Gamma National Group,India,Surat,Hardware
S531,Quantum Star Enterprises,UK,Edinburgh,Aerospace
S532,Eco Omega Inc,Australia,Brisbane,Construction
S533,Dynamic Innovative Trading,India,Chennai,Aerospace
S534,United Elite Corp,Mexico,Monterrey,Food & Beverage
S535,Theta Strategic Ventures,Germany,Berlin,Plastics
S536,Gamma Earth Distributors,Italy,Florence,Telecom
S537,Gamma Dragon International,Germany,Leipzig,Food & Beverage
S538,Green Elite Inc,USA,Houston,Mining
S539,Earth Smart Inc,Vietnam,Nha Trang,Jewelry
S540,Vision Lion Enterprises,Taiwan,New Taipei,Agriculture
S541,Orion Continental Ltd,Australia,Canberra,Apparel
S542,Sigma Superior Technologies,Italy,Rome,Telecom
S543,Dynamic Eagle Trading,UK,Bristol,Telecom
S544,Smart Precision International,Australia,Adelaide,Jewelry
S545,Eco Excel Ltd,Japan,Kobe,Oil & Gas
S546,National Premium Inc,Japan,Kobe,Chemicals
S547,Ocean Standard Systems,Vietnam,Hue,Agriculture
S548,Federal Moon Enterprises,Germany,Leipzig,Logistics
S549,Excel New Group,UK,Manchester,Shipping
S550,Vision Strategic Enterprises,Mexico,Monterrey,Furniture
S551,Delta Precision Manufacturing,UK,Glasgow,Textiles
S552,Tiger Earth Group,Japan,Osaka,Renewable Energy
S553,Lion Beta Technologies,UK,Liverpool,Agriculture
S554,Theta Dynamic Industries,Australia,Wollongong,Toys
S555,Ocean Eco Global,Brazil,Porto Alegre,Furniture
S556,Digital Pegasus Industries,Australia,Gold Coast,Textiles
S557,Eagle Professional Distributors,China,Nanjing,Software
S558,Digital Lion Distributors,South Korea,Changwon,Fishing
S559,Future Digital Ventures,Brazil,Manaus,Hardware
S560,Modern Beta Solutions,UK,Edinburgh,Hardware
S561,Precision New Ltd,France,Strasbourg,Sports Equipment
S562,Quantum River Distributors,Japan,Sapporo,Medical Devices
S563,National Phoenix Systems,Japan,Kawasaki,Automotive
S564,Moon First Co,Canada,Toronto,Oil & Gas
S565,Prime Continental Group,Japan,Sapporo,Hardware
S566,Eagle Quantum Supply,South Korea,Seongnam,Sports Equipment
S567,Eco Federal Supply,Brazil,Manaus,Jewelry
S568,Premium Phoenix Ventures,Germany,Düsseldorf,Shipping
S569,Ocean Universal Supply,Vietnam,Can Tho,Telecom
S570,Advanced Reliable Group,Germany,Frankfurt,Sports Equipment
S571,Universal Modern Manufacturing,Italy,Florence,Manufacturing
S572,Precision Elite Group,Italy,Bari,Rubber
S573,Ocean Star Technologies,China,Tianjin,Construction
S574,Gamma Valley Solutions,Taiwan,Keelung,Sports Equipment
S575,Next Apollo Group,China,Chengdu,Logistics
S576,Eagle Eco International,Australia,Perth,Agriculture
S577,Valley Sun Solutions,South Korea,Ulsan,Electronics
S578,Reliable Pegasus Global,Brazil,Porto Alegre,Toys
S579,Tiger Smart Trading,Italy,Bari,Logistics
S580,Phoenix Delta Distributors,Canada,Edmonton,Shipping
S581,Smart Precision Distributors,Vietnam,Hue,Chemicals
S582,Precision Standard Ltd,Taiwan,Taoyuan,Electronics
S583,Sigma Sun Ventures,Australia,Canberra,Sports Equipment
S584,Epsilon Central Manufacturing,Canada,Winnipeg,Fishing
S585,Star Epsilon International,India,Chennai,Software
S586,Dragon First Enterprises,Italy,Palermo,Steel & Metals
S587,Atlantic Beta Supply,USA,San Diego,Hardware
S588,Delta Earth Manufacturing,Vietnam,Haiphong,Manufacturing
S589,Reliable Phoenix Co,Germany,Leipzig,Manufacturing
S590,Vision Moon Ltd,India,Bangalore,Medical Devices
S591,Earth Green Solutions,Italy,Catania,Mining
S592,Mountain Apollo Ltd,Japan,Osaka,Semiconductors
S593,Quality Sustainable Systems,Mexico,León,Telecom
S594,Excel Premium Distributors,Vietnam,Bien Hoa,Agriculture
S595,Premium Reliable Technologies,Germany,Cologne,Toys
S596,Green Worldwide Solutions,Australia,Canberra,Textiles
S597,Delta Epsilon Trading,Italy,Milan,Furniture
S598,Standard Pacific Solutions,Germany,Leipzig,Toys
S599,First Eta Global,Germany,Essen,Agriculture
S600,Sun Omega Manufacturing,China,Shenzhen,Shipping
S601,Eta Quantum Corp,South Korea,Seoul,Furniture
S602,Orion Dynamic Co,Australia,Perth,Furniture
S603,Theta Sustainable Distributors,Canada,Quebec City,Steel & Metals
S604,Excel Precision Technologies,China,Chengdu,Apparel
S605,United Superior Ltd,Italy,Catania,Fishing
S606,Mountain Vision Solutions,South Korea,Busan,Textiles
S607,Theta Precision Technologies,Canada,Winnipeg,Automotive
S608,Universal Dragon Corp,Canada,Kitchener,Medical Devices
S609,Precision Atlantic Enterprises,Australia,Sydney,Jewelry
S610,Sustainable Eta Ltd,Mexico,Tijuana,Aerospace
S611,Orion Moon Manufacturing,UK,Leeds,Electronics
S612,Theta Valley Ventures,China,Beijing,Rubber
S613,Green Beta Group,South Korea,Suwon,Steel & Metals
S614,Ocean New Technologies,India,Bangalore,Mining
S615,Ocean Strategic Enterprises,India,Delhi,Textiles
S616,Alpha Eta Ltd,France,Lyon,Apparel
S617,Tiger Professional Group,Vietnam,Ho Chi Minh City,Mining
S618,Eta Creative Distributors,Australia,Newcastle,Construction
S619,Pegasus Ocean Ltd,Mexico,Ecatepec,Steel & Metals
S620,Vision Next Solutions,South Korea,Seoul,Logistics
S621,Future Creative Distributors,Japan,Sapporo,Plastics
S622,Digital Ocean Supply,Germany,Hamburg,Food & Beverage
S623,Innovative Phoenix Manufacturing,South Korea,Suwon,Aerospace
S624,Dynamic Prime Systems,Japan,Kobe,Chemicals
S625,Dynamic Gamma Supply,Brazil,Curitiba,Shipping
S626,Sustainable Epsilon Systems,Vietnam,Hanoi,Logistics
S627,Digital Phoenix Enterprises,South Korea,Incheon,Software
S628,Green Mountain Distributors,Japan,Fukuoka,Sports Equipment
S629,Dragon Apollo Co,UK,Leeds,Agriculture
S630,Professional Apollo Technologies,South Korea,Suwon,Toys
S631,Next Sigma Technologies,Canada,Hamilton,Logistics
S632,Smart First Enterprises,South Korea,Daejeon,Telecom
S633,Delta Sustainable Trading,India,Ahmedabad,Mining
S634,Earth Dragon Solutions,Australia,Canberra,Agriculture
S635,Premium Dragon Trading,Australia,Canberra,Pharmaceuticals
S636,Excel Dynamic International,UK,Liverpool,Apparel
S637,Federal Gamma Co,UK,Manchester,Rubber
S638,Modern Pacific Ventures,UK,Edinburgh,Oil & Gas
S639,Precision Digital Solutions,Brazil,Belo Horizonte,Telecom
S640,Tiger Apollo Inc,Brazil,Brasília,Fishing
S641,Omega Universal Supply,Italy,Rome,Textiles
S642,United Quantum Solutions,Taiwan,Changhua,Construction
S643,Elite Lion Solutions,Italy,Naples,Furniture
S644,River Valley Solutions,France,Marseille,Oil & Gas
S645,Sun United Inc,UK,Liverpool,Manufacturing
S646,Dynamic Zeta Industries,Taiwan,Taipei,Apparel
S647,Federal Delta International,Brazil,Salvador,Rubber
S648,Standard Mountain Global,China,Shenzhen,Oil & Gas
S649,Worldwide Continental Enterprises,Taiwan,Taipei,Chemicals
S650,Alpha Next Inc,Vietnam,Can Tho,Telecom
S651,Prime Valley Industries,Germany,Stuttgart,Hardware
S652,Federal Sun Co,South Korea,Gwangju,Pharmaceuticals
S653,Gamma Future Corp,China,Shenzhen,Manufacturing
S654,Digital Sun Global,Italy,Rome,Fishing
S655,Advanced Theta Trading,Vietnam,Nha Trang,Chemicals
S656,Delta Trusted Inc,China,Xi'an,Steel & Metals
S657,Theta Precision Industries,Taiwan,Hsinchu,Renewable Energy
S658,Professional Digital Trading,Taiwan,Taoyuan,Shipping
S659,Prime Vision Corp,Japan,Kyoto,Mining
S660,Digital Pacific Corp,Germany,Essen,Manufacturing
S661,Worldwide Excel Global,Taiwan,Taoyuan,Telecom
S662,Central Mountain Industries,USA,San Antonio,Toys
S663,Federal Sustainable Supply,France,Paris,Medical Devices
S664,Gamma National Global,Mexico,León,Wood & Paper
S665,Creative Theta Industries,India,Delhi,Renewable Energy
S666,Green Continental Systems,South Korea,Gwangju,Textiles
S667,Creative Smart Distributors,Taiwan,Taipei,Apparel
S668,Dragon Quantum Enterprises,Vietnam,Bien Hoa,Telecom
S669,New Advanced Distributors,Australia,Adelaide,Telecom
S670,Trusted Pacific Industries,South Korea,Seongnam,Aerospace
S671,First Delta Enterprises,Taiwan,Hsinchu,Oil & Gas
S672,Alpha Phoenix Global,China,Nanjing,Steel & Metals
S673,Quantum Digital Group,Mexico,Juárez,Aerospace
S674,Trusted Technical Manufacturing,China,Xi'an,Plastics
S675,Moon Superior Supply,Canada,Kitchener,Construction
S676,Orion Next International,India,Mumbai,Electronics
S677,Superior Innovative Systems,Taiwan,Tainan,Medical Devices
S678,Sigma Orion Inc,Australia,Canberra,Steel & Metals
S679,Mountain Continental Corp,Mexico,León,Logistics
S680,Professional Quality International,Mexico,León,Textiles
S681,Continental Theta Distributors,South Korea,Gwangju,Wood & Paper
S682,Phoenix Trusted Ventures,Australia,Newcastle,Oil & Gas
S683,Lion United Trading,Vietnam,Hue,Construction
S684,Next Technical Technologies,Italy,Naples,Agriculture
S685,River Theta International,South Korea,Gwangju,Semiconductors
S686,Lion Moon Supply,Germany,Frankfurt,Semiconductors
S687,Atlantic Delta Corp,Taiwan,Keelung,Toys
S688,New Premium Industries,Japan,Kyoto,Logistics
S689,Earth Pacific Technologies,France,Nice,Manufacturing
S690,Universal Earth Industries,France,Toulouse,Automotive
S691,Alpha Vision Solutions,Germany,Munich,Renewable Energy
S692,Pegasus Star Inc,Australia,Gold Coast,Toys
S693,Modern Premium International,Germany,Dortmund,Software
S694,Phoenix Epsilon Inc,India,Ahmedabad,Renewable Energy
S695,Omega Ocean Global,South Korea,Daegu,Chemicals
S696,Eagle Eco Group,Taiwan,Taichung,Manufacturing
S697,Superior Professional Inc,India,Bangalore,Jewelry
S698,Sun Future Systems,Brazil,Recife,Aerospace
S699,Advanced Pegasus Distributors,Australia,Gold Coast,Aerospace
S700,Quantum Tiger Technologies,South Korea,Seoul,Chemicals
S701,Quality Standard Enterprises,Taiwan,Tainan,Automotive
S702,Premium Reliable Systems,India,Bangalore,Software
S703,Professional Superior Co,China,Xi'an,Textiles
S704,Superior Precision Solutions,India,Hyderabad,Manufacturing
S705,Vision Quality Distributors,Vietnam,Hanoi,Chemicals
S706,Quantum Future Corp,India,Chennai,Rubber
S707,Lion Omega Industries,South Korea,Incheon,Jewelry
S708,Strategic Apollo Enterprises,Australia,Gold Coast,Jewelry
S709,Excel Dynamic Industries,Taiwan,Taoyuan,Shipping
S710,Delta Central Technologies,Japan,Saitama,Textiles
S711,Central Quantum Group,UK,Leeds,Electronics
S712,Quality Modern Group,Canada,Calgary,Software
S713,Quality Elite Ltd,Vietnam,Nha Trang,Food & Beverage
S714,Zeta Epsilon Corp,Canada,Ottawa,Mining
S715,Sustainable Eco Co,Vietnam,Nha Trang,Apparel
S716,Omega Delta Co,Taiwan,Hsinchu,Renewable Energy
S717,Prime Elite Technologies,Taiwan,Tainan,Plastics
S718,Quantum Technical Co,Germany,Cologne,Shipping
S719,Superior Delta Solutions,Taiwan,Kaohsiung,Semiconductors
S720,Sun Delta Inc,UK,Birmingham,Pharmaceuticals
S721,Alpha Precision Trading,Australia,Perth,Apparel
S722,Omega Universal Group,Mexico,Puebla,Wood & Paper
S723,Worldwide Tiger International,Canada,Calgary,Automotive
S724,Precision Quality Corp,Germany,Düsseldorf,Hardware
S725,Epsilon United International,India,Surat,Electronics
S726,Elite Dragon Co,Germany,Leipzig,Manufacturing
S727,Technical Omega Supply,China,Wuhan,Renewable Energy
S728,Creative Continental Corp,France,Toulouse,Toys
S729,Digital Central Technologies,India,Jaipur,Manufacturing
S730,Smart Alpha Technologies,Brazil,São Paulo,Rubber
S731,Superior Prime Trading,USA,Chicago,Toys
S732,First Orion International,Mexico,León,Telecom
S733,Digital Tiger Global,South Korea,Daegu,Software
S734,Precision Modern Distributors,USA,San Jose,Wood & Paper
S735,Quantum Earth Systems,Vietnam,Nha Trang,Textiles
S736,Innovative Premium Corp,Australia,Hobart,Pharmaceuticals
S737,Innovative Federal Ventures,Canada,Winnipeg,Chemicals
S738,Pegasus Green Inc,Taiwan,Tainan,Chemicals
S739,Orion Universal Manufacturing,Vietnam,Ho Chi Minh City,Aerospace
S740,Dragon Eta Distributors,Brazil,Salvador,Jewelry
S741,First Green Inc,Australia,Hobart,Shipping
S742,Star Earth Systems,South Korea,Gwangju,Mining
S743,Creative Sustainable Manufacturing,Japan,Yokohama,Textiles
S744,Prime New Ventures,Canada,Quebec City,Automotive
S745,Mountain Alpha Systems,France,Toulouse,Semiconductors
S746,Zeta Smart Solutions,Vietnam,Nha Trang,Furniture
S747,Beta Excel Trading,Vietnam,Hanoi,Oil & Gas
S748,Atlantic Eagle Ventures,Canada,Quebec City,Food & Beverage
S749,Advanced Creative Solutions,France,Lille,Oil & Gas
S750,Advanced Lion Industries,Mexico,Tijuana,Medical Devices
S751,Prime Worldwide Supply,Mexico,Puebla,Aerospace
S752,Modern Sustainable Ventures,India,Surat,Apparel
S753,Quality Beta Solutions,Vietnam,Bien Hoa,Medical Devices
S754,Vision Quantum Corp,UK,Edinburgh,Agriculture
S755,Technical Phoenix Global,South Korea,Incheon,Hardware
S756,Reliable New Industries,Australia,Newcastle,Toys
S757,Continental Pegasus Group,UK,London,Construction
S758,Trusted Quality Ltd,Mexico,Puebla,Mining
S759,Universal Moon Co,Germany,Düsseldorf,Plastics
S760,Sigma Vision Technologies,China,Xi'an,Automotive
S761,Future Premium Group,France,Montpellier,Medical Devices
S762,Federal Pegasus Inc,Canada,Hamilton,Manufacturing
S763,Lion Phoenix Group,Canada,Montreal,Mining
S764,Orion Apollo Co,Vietnam,Can Tho,Shipping
S765,Advanced Eta Ventures,Italy,Bologna,Mining
S766,Phoenix Professional Corp,Australia,Hobart,Aerospace
S767,Next Star Systems,Australia,Gold Coast,Pharmaceuticals
S768,Superior Pegasus Inc,Taiwan,New Taipei,Apparel
S769,Next Technical Systems,China,Shenzhen,Manufacturing
S770,Dynamic Excel Supply,Japan,Tokyo,Toys
S771,Lion New Corp,South Korea,Seongnam,Toys
S772,Pacific Mountain International,Canada,Hamilton,Medical Devices
S773,Quantum Advanced Trading,USA,Houston,Toys
S774,Phoenix Sun Manufacturing,Mexico,Juárez,Construction
S775,Star Apollo Distributors,USA,Phoenix,Construction
S776,Earth Trusted Solutions,Mexico,Tijuana,Rubber
S777,Pegasus Beta Systems,Taiwan,Chiayi,Pharmaceuticals
S778,Sigma New Technologies,Japan,Tokyo,Plastics
S779,Quality Innovative Industries,Japan,Saitama,Toys
S780,Continental United Technologies,Canada,Toronto,Chemicals
S781,Professional Star Global,Taiwan,Taichung,Construction
S782,Dynamic Standard Industries,Taiwan,Keelung,Mining
S783,Quantum Federal Enterprises,Brazil,Recife,Rubber
S784,Gamma Orion Group,Canada,Montreal,Automotive
S785,Atlantic Eagle Trading,Australia,Perth,Agriculture
S786,Creative Universal Supply,USA,San Jose,Textiles
S787,Omega Premium Enterprises,Japan,Kobe,Wood & Paper
S788,Future Continental Distributors,Canada,Edmonton,Aerospace
S789,Prime Atlantic Enterprises,France,Bordeaux,Agriculture
S790,Theta Epsilon Industries,South Korea,Changwon,Sports Equipment
S791,Eco Atlantic Manufacturing,China,Wuhan,Manufacturing
S792,Future Ocean Technologies,Germany,Leipzig,Textiles
S793,Quality Innovative Manufacturing,France,Lille,Pharmaceuticals
S794,Ocean Atlantic Co,Italy,Florence,Aerospace
S795,Universal Standard Ltd,USA,Philadelphia,Medical Devices
S796,Universal Sun Distributors,France,Strasbourg,Renewable Energy
S797,Federal Precision Solutions,Mexico,Monterrey,Fishing
S798,Standard Delta Systems,Japan,Saitama,Automotive
S799,Phoenix Eco Group,Vietnam,Thu Dau Mot,Automotive
S800,Green Creative Co,Vietnam,Hanoi,Manufacturing
S801,Worldwide Sustainable Supply,Mexico,Monterrey,Oil & Gas
S802,Vision Eta Trading,China,Shanghai,Electronics
S803,Digital Eagle Manufacturing,South Korea,Busan,Rubber
S804,Vision Next Enterprises,South Korea,Ulsan,Sports Equipment
S805,Sigma Advanced Corp,Taiwan,Kaohsiung,Automotive
S806,Superior Quality Systems,Vietnam,Bien Hoa,Food & Beverage
S807,Reliable Elite Systems,Canada,Quebec City,Pharmaceuticals
S808,Creative National Co,Germany,Leipzig,Jewelry
S809,National Advanced Ltd,Brazil,São Paulo,Shipping
S810,Professional Federal Supply,Australia,Adelaide,Plastics
S811,Valley National Enterprises,Taiwan,Taipei,Manufacturing
S812,Quality Gamma Systems,South Korea,Ulsan,Mining
S813,Sun Moon Manufacturing,China,Guangzhou,Furniture
S814,Excel Star Manufacturing,China,Wuhan,Chemicals
S815,Alpha Technical Trading,UK,Liverpool,Aerospace
S816,Eta Digital Corp,Brazil,Fortaleza,Furniture
S817,New Precision Co,UK,London,Automotive
S818,Tiger Innovative Systems,Germany,Berlin,Software
S819,Universal Advanced Ventures,China,Wuhan,Furniture
S820,Premium Star Ltd,Mexico,Juárez,Software
S821,Quantum Pegasus Solutions,Taiwan,Taoyuan,Sports Equipment
S822,River Moon Technologies,France,Nantes,Agriculture
S823,Prime Gamma Enterprises,Brazil,Curitiba,Aerospace
S824,Omega Green Ltd,Japan,Tokyo,Medical Devices
S825,Worldwide River Co,Taiwan,Taipei,Apparel
S826,Theta Star Supply,Italy,Naples,Textiles
S827,Federal River Inc,Vietnam,Bien Hoa,Agriculture
S828,Prime River Enterprises,Japan,Fukuoka,Toys
S829,Federal Strategic Corp,China,Tianjin,Oil & Gas
S830,United Zeta Ventures,South Korea,Suwon,Textiles
S831,Ocean National Global,Taiwan,Tainan,Textiles
S832,Sun Central Systems,South Korea,Incheon,Logistics
S833,Dynamic Next Trading,Italy,Turin,Semiconductors
S834,Technical New Manufacturing,India,Chennai,Hardware
S835,Ocean Sustainable Enterprises,Australia,Gold Coast,Rubber
S836,Mountain Innovative Technologies,Brazil,Curitiba,Pharmaceuticals
S837,Quantum Future Enterprises,France,Bordeaux,Food & Beverage
S838,Dynamic Trusted Solutions,Vietnam,Haiphong,Mining
S839,Eta Precision Manufacturing,Canada,Toronto,Software
S840,Green Sigma Industries,Mexico,Guadalajara,Food & Beverage
S841,Orion Alpha Global,South Korea,Seongnam,Manufacturing
S842,River Green Industries,India,Kolkata,Automotive
S843,Sun Gamma Supply,South Korea,Daejeon,Textiles
S844,Eco Omega Distributors,France,Nantes,Food & Beverage
S845,Mountain Smart Corp,Vietnam,Nha Trang,Chemicals
S846,Mountain Gamma Ventures,USA,Chicago,Pharmaceuticals
S847,Excel Vision Industries,Vietnam,Can Tho,Steel & Metals
S848,Universal Future Distributors,Canada,Toronto,Food & Beverage
S849,Ocean Sun Global,China,Shanghai,Jewelry
S850,Eco Dragon Inc,Canada,Montreal,Semiconductors
S851,Modern Digital Ltd,China,Xi'an,Manufacturing
S852,Theta New Trading,UK,Edinburgh,Electronics
S853,Premium Pegasus Trading,Mexico,Puebla,Medical Devices
S854,Smart Gamma Global,UK,Glasgow,Shipping
S855,Star Tiger Manufacturing,Germany,Berlin,Hardware
S856,Next Central Solutions,Taiwan,Taipei,Medical Devices
S857,Technical Quality Ventures,Mexico,Juárez,Manufacturing
S858,Sustainable Digital Group,Taiwan,Taoyuan,Plastics
S859,Digital Dragon Co,Mexico,Monterrey,Jewelry
S860,National Lion Trading,Taiwan,Taoyuan,Electronics
S861,Technical Moon Solutions,Japan,Nagoya,Textiles
S862,Orion Beta Solutions,Canada,Ottawa,Apparel
S863,Superior Beta Supply,Australia,Newcastle,Shipping
S864,Trusted Apollo Trading,UK,Bristol,Hardware
S865,Federal Epsilon Manufacturing,China,Hangzhou,Food & Beverage
S866,Pegasus Theta Supply,Brazil,Belo Horizonte,Textiles
S867,Innovative Eagle Industries,China,Beijing,Automotive
S868,Reliable Eco Distributors,South Korea,Daegu,Manufacturing
S869,Beta Federal Co,Italy,Catania,Sports Equipment
S870,Premium Trusted Ltd,Germany,Dortmund,Aerospace
S871,Beta Sigma Ltd,Germany,Berlin,Sports Equipment
S872,Lion Technical Global,Mexico,Monterrey,Apparel
S873,Lion Sustainable Ventures,Japan,Kyoto,Chemicals
S874,Tiger Orion Group,Germany,Berlin,Rubber
S875,Federal River Global,Japan,Kyoto,Pharmaceuticals
S876,Alpha Moon Trading,Taiwan,Hsinchu,Logistics
S877,Federal Lion Inc,UK,Leicester,Jewelry
S878,Excel Atlantic Technologies,France,Montpellier,Food & Beverage
S879,Modern Pacific Systems,Mexico,León,Toys
S880,Digital Future Supply,Germany,Hamburg,Manufacturing
S881,Theta Trusted International,UK,Leicester,Plastics
S882,Eta Excel International,Vietnam,Ho Chi Minh City,Electronics
S883,Innovative Apollo Inc,Taiwan,Taoyuan,Fishing
S884,Green Pegasus Group,UK,Birmingham,Hardware
S885,Smart Earth Group,UK,London,Textiles
S886,Quality Mountain Ventures,UK,Birmingham,Aerospace
S887,Eta Alpha Distributors,France,Marseille,Construction
S888,Phoenix Vision Supply,Brazil,Brasília,Software
S889,Dragon Central Group,Brazil,Belo Horizonte,Medical Devices
S890,Phoenix Excel Ltd,Italy,Palermo,Aerospace
S891,Beta Green Supply,Brazil,São Paulo,Software
S892,Reliable Apollo International,Vietnam,Bien Hoa,Telecom
S893,Quality Technical Solutions,Taiwan,Hsinchu,Renewable Energy
S894,Atlantic Digital Solutions,UK,Leicester,Electronics
S895,Gamma Precision Supply,India,Pune,Hardware
S896,Universal Epsilon Global,Brazil,Belo Horizonte,Aerospace
S897,Precision Phoenix Global,Australia,Melbourne,Software
S898,Apollo Next Enterprises,Australia,Adelaide,Shipping
S899,Atlantic Prime International,Brazil,Brasília,Semiconductors
S900,Universal Zeta Manufacturing,Japan,Nagoya,Food & Beverage
S901,Apollo Professional Distributors,Brazil,Fortaleza,Construction
S902,Professional Beta Inc,Italy,Genoa,Software
S903,Orion Modern Trading,Australia,Gold Coast,Fishing
S904,Lion Beta Inc,Germany,Frankfurt,Furniture
S905,Alpha Reliable Industries,France,Strasbourg,Sports Equipment
S906,Trusted Phoenix Group,India,Bangalore,Food & Beverage
S907,Creative Star Industries,France,Paris,Toys
S908,Dragon Precision Supply,Germany,Cologne,Shipping
S909,Strategic Lion Distributors,South Korea,Seongnam,Food & Beverage
S910,Dynamic Smart Ventures,Mexico,Juárez,Aerospace
S911,Tiger Future Ltd,France,Nice,Jewelry
S912,Orion Ocean Systems,France,Paris,Plastics
S913,Pacific Continental Supply,Canada,Quebec City,Renewable Energy
S914,Theta Phoenix Technologies,Italy,Naples,Furniture
S915,Vision Quantum Co,India,Mumbai,Logistics
S916,Theta Mountain Solutions,Australia,Canberra,Telecom
S917,Valley Sun Systems,Canada,Winnipeg,Food & Beverage
S918,Phoenix Theta Co,China,Wuhan,Chemicals
S919,Creative Apollo Group,Brazil,Manaus,Steel & Metals
S920,Tiger Atlantic Industries,China,Nanjing,Electronics
S921,Prime Valley Supply,Australia,Adelaide,Automotive
S922,River Creative Technologies,China,Hangzhou,Hardware
S923,Atlantic Elite Distributors,India,Delhi,Fishing
S924,Pacific Excel Manufacturing,Japan,Fukuoka,Textiles
S925,Precision Reliable Manufacturing,Taiwan,New Taipei,Plastics
S926,Future Premium Manufacturing,Vietnam,Bien Hoa,Automotive
S927,Universal Vision Co,India,Ahmedabad,Aerospace
S928,Vision Orion Global,France,Toulouse,Aerospace
S929,Strategic Moon Solutions,USA,Dallas,Renewable Energy
S930,Lion First Ltd,Vietnam,Thu Dau Mot,Shipping
S931,River Strategic Technologies,South Korea,Daegu,Logistics
S932,Alpha Mountain Distributors,USA,Philadelphia,Electronics
S933,Zeta Orion Corp,Australia,Melbourne,Aerospace
S934,Dragon Prime Supply,Mexico,Monterrey,Chemicals
S935,Star Excel Inc,Australia,Adelaide,Plastics
S936,Digital First Solutions,Mexico,Guadalajara,Manufacturing
S937,Innovative Eco Ltd,Australia,Brisbane,Plastics
S938,Modern Green Co,South Korea,Daejeon,Oil & Gas
S939,Moon Federal Distributors,India,Jaipur,Medical Devices
S940,Sigma Standard Solutions,Vietnam,Vung Tau,Jewelry
S941,Apollo Worldwide Manufacturing,France,Lyon,Renewable Energy
S942,Innovative Superior Co,Mexico,Mexico City,Medical Devices
S943,Sigma Modern International,UK,Birmingham,Apparel
S944,Universal Excel Corp,Australia,Sydney,Hardware
S945,New Reliable International,Japan,Kawasaki,Manufacturing
S946,Ocean Epsilon Ventures,India,Pune,Agriculture
S947,Green Quantum Solutions,South Korea,Suwon,Food & Beverage
S948,Creative Beta Inc,Germany,Hamburg,Furniture
S949,Reliable River Systems,South Korea,Daejeon,Furniture
S950,Excel National Technologies,Vietnam,Hue,Medical Devices
S951,Theta Gamma Industries,USA,Philadelphia,Chemicals
S952,Lion Advanced Systems,Brazil,Belo Horizonte,Food & Beverage
S953,Professional Premium Global,India,Delhi,Furniture
S954,Star Dynamic Group,USA,San Antonio,Automotive
S955,First Excel Trading,Canada,Toronto,Aerospace
S956,Sustainable Lion Ltd,France,Montpellier,Manufacturing
S957,Earth Orion Inc,Germany,Leipzig,Mining
S958,Vision Alpha Group,Canada,Winnipeg,Steel & Metals
S959,Prime Lion Corp,Canada,Calgary,Apparel
S960,River Eco Manufacturing,South Korea,Incheon,Rubber
S961,Quality Sun Co,France,Toulouse,Sports Equipment
S962,First Reliable Technologies,Brazil,Porto Alegre,Wood & Paper
S963,Universal Digital Corp,Germany,Cologne,Mining
S964,Premium Advanced Global,France,Montpellier,Textiles
S965,Pacific Mountain Global,Australia,Newcastle,Pharmaceuticals
S966,Future Advanced Co,Mexico,Monterrey,Toys
S967,Central Eagle Technologies,Australia,Newcastle,Food & Beverage
S968,Moon National Ventures,Taiwan,Keelung,Software
S969,Elite Quantum Manufacturing,Taiwan,Taipei,Pharmaceuticals
S970,Gamma Valley Systems,Canada,Vancouver,Agriculture
S971,Star Omega Ltd,Mexico,León,Apparel
S972,Trusted Orion Trading,USA,Phoenix,Toys
S973,National Vision Co,Australia,Newcastle,Aerospace
S974,Innovative Quality Corp,Vietnam,Thu Dau Mot,Mining
S975,Sigma Continental Supply,Italy,Bologna,Furniture
S976,Trusted Superior Global,UK,Manchester,Apparel
S977,Pegasus Tiger Systems,Italy,Naples,Mining
S978,Continental Quantum Distributors,South Korea,Changwon,Manufacturing
S979,Pegasus Future Systems,Italy,Palermo,Steel & Metals
S980,Phoenix Continental Co,Vietnam,Thu Dau Mot,Construction
S981,Superior Standard Ltd,Italy,Naples,Steel & Metals
S982,Premium River Corp,Australia,Brisbane,Semiconductors
S983,Zeta Dragon Technologies,Italy,Bologna,Agriculture
S984,Trusted Eta Group,USA,Houston,Hardware
S985,Earth Federal Enterprises,Vietnam,Hue,Automotive
S986,Continental Pacific Global,India,Delhi,Aerospace
S987,Lion Beta Manufacturing,Japan,Tokyo,Chemicals
S988,Quality Orion Systems,Taiwan,Changhua,Automotive
S989,Elite Central International,Australia,Sydney,Aerospace
S990,United Pegasus Supply,Japan,Osaka,Aerospace
S991,Central Creative Technologies,Australia,Gold Coast,Renewable Energy
S992,Sun Federal Corp,Canada,Hamilton,Food & Beverage
S993,Gamma Professional Industries,Vietnam,Ho Chi Minh City,Sports Equipment
S994,Alpha Epsilon Distributors,India,Bangalore,Food & Beverage
S995,New Apollo Trading,India,Mumbai,Telecom
S996,Standard Universal Industries,China,Guangzhou,Semiconductors
S997,Valley Earth Enterprises,France,Marseille,Textiles
S998,Smart Advanced Supply,UK,Bristol,Semiconductors
S999,Pacific Mountain Technologies,Taiwan,Taipei,Oil & Gas
S1000,Innovative Lion Manufacturing,Canada,Hamilton,Semiconductors
